[{"id":1,"name":"Stue","devices":[{"id":1,"name":"Lys 1","type":"light","state":false,"paired":true},{"id":2,"name":"Lys 2","type":"light","state":false,"paired":true},{"id":3,"name":"Lys 3","type":"light","state":false,"paired":true},{"id":4,"name":"Lys 4","type":"light","state":false,"paired":true}]},{"id":2,"name":"Kjeller","devices":[{"id":8,"name":"Lys 8","type":"light","state":false,"paired":true},{"id":9,"name":"Lys 9","type":"light","state":false,"paired":true}]},{"id":3,"name":"Bod","devices":[{"id":6,"name":"Lys 6","type":"light","state":false,"paired":true}]},{"id":4,"name":"Soverom","devices":[{"id":7,"name":"Lys 7","type":"light","state":false,"paired":true}]}]