[{"Brightness":100,"Id":1,"Name":"Lys 1","Type":"light","State":false,"Paired":true},{"Brightness":100,"Id":2,"Name":"Lys 2","Type":"light","State":false,"Paired":true},{"Brightness":100,"Id":3,"Name":"Lys 3","Type":"light","State":false,"Paired":true},{"Brightness":100,"Id":4,"Name":"Lys 4","Type":"light","State":false,"Paired":true},{"Brightness":100,"Id":5,"Name":"Lys 5","Type":"light","State":false,"Paired":true},{"Brightness":100,"Id":6,"Name":"Lys 6","Type":"light","State":false,"Paired":true},{"Brightness":100,"Id":7,"Name":"Lys 7","Type":"light","State":false,"Paired":true},{"Brightness":100,"Id":8,"Name":"Lys 8","Type":"light","State":false,"Paired":true},{"Brightness":100,"Id":9,"Name":"Lys 9","Type":"light","State":false,"Paired":true},{"Brightness":100,"Id":10,"Name":"Lys 10","Type":"light","State":false,"Paired":true},{"Brightness":100,"Id":11,"Name":"Lys 11","Type":"light","State":false,"Paired":true},{"Brightness":100,"Id":12,"Name":"Lys 12","Type":"light","State":false,"Paired":true}]