[{"Id":1,"Name":"Stue","Devices":[{"Id":1,"Name":"Lys 1","Type":"light","State":false,"Paired":true},{"Id":2,"Name":"Lys 2","Type":"light","State":false,"Paired":true},{"Id":3,"Name":"Lys 3","Type":"light","State":false,"Paired":true},{"Id":4,"Name":"Lys 4","Type":"light","State":false,"Paired":true}]},{"Id":2,"Name":"Kjeller","Devices":[{"Id":8,"Name":"Lys 8","Type":"light","State":false,"Paired":true},{"Id":9,"Name":"Lys 9","Type":"light","State":false,"Paired":true}]},{"Id":3,"Name":"Bod","Devices":[{"Id":6,"Name":"Lys 6","Type":"light","State":false,"Paired":true}]},{"Id":4,"Name":"Soverom","Devices":[{"Id":7,"Name":"Lys 7","Type":"light","State":false,"Paired":true}]}]